{
  "materials" : [ {"vertexshader" : "shaders/vs-cube2.txt", "fragmentshader" : "shaders/fs-cube2.txt", "numindices" : 36 } ],
  "indices" : [0, 1, 2, 2, 1, 3, 4, 5, 6, 6, 5, 7, 8, 9, 10, 10, 9, 11, 12, 13, 14, 14, 13, 15, 16, 17, 18, 18, 17, 19, 20, 21, 22, 22, 21, 23],
  "vertexPositions" : [-0.5, -0.5, 0.5, 0.5, -0.5, 0.5, -0.5, 0.5, 0.5, 0.5, 0.5, 0.5, -0.5, 0.5, 0.5, 0.5, 0.5, 0.5, -0.5, 0.5, -0.5, 0.5, 0.5, -0.5, -0.5, 0.5, -0.5, 0.5, 0.5, -0.5, -0.5, -0.5, -0.5, 0.5, -0.5, -0.5, -0.5, -0.5, -0.5, 0.5, -0.5, -0.5, -0.5, -0.5, 0.5, 0.5, -0.5, 0.5, 0.5, -0.5, 0.5, 0.5, -0.5, -0.5, 0.5, 0.5, 0.5, 0.5, 0.5, -0.5, -0.5, -0.5, -0.5, -0.5, -0.5, 0.5, -0.5, 0.5, -0.5, -0.5, 0.5, 0.5],
  "vertexNormals" : [0, 0, 1, 0, 0, 1, 0, 0, 1, 0, 0, 1, 0, 1, 0, 0, 1, 0, 0, 1, 0, 0, 1, 0, 0, 0, -1, 0, 0, -1, 0, 0, -1, 0, 0, -1, 0, -1, 0, 0, -1, 0, 0, -1, 0, 0, -1, 0, 1, 0, 0, 1, 0, 0, 1, 0, 0, 1, 0, 0, -1, 0, 0, -1, 0, 0, -1, 0, 0, -1, 0, 0]
}